
{
    "like_01":{
        "bboxes": 
                    [
                        [
                            0.49270833333333336,
                            0.5148148148148148,
                            0.053125,
                            0.12777777777777777
                        ]
                    ],
                    "labels": 
                    [
                        "like"
                    ]
    },
    "like_02":{
        "bboxes": 
                    [
                        [
                            0.66875,
                            0.5703703703703704,
                            0.052083333333333336,
                            0.10740740740740741
                        ]
                    ],
                    "labels": 
                    [
                        "like"
                    ]
    },
    "like_03":{
        "bboxes": 
                    [
                        [
                            0.5625,
                            0.575925925925926,
                            0.05416666666666667,
                            0.1
                        ]
                    ],
                    "labels": 
                    [
                        "like"
                    ]
    },
    "dislike_01":{
        "bboxes": 
                    [
                        [
                            0.5916666666666667,
                            0.4666666666666667,
                            0.04791666666666667,
                            0.09444444444444444
                        ]
                    ],
                    "labels": 
                    [
                        "dislike"
                    ]
    },
    "dislike_02":{
        "bboxes": 
                    [
                        [
                            0.640625,
                            0.4462962962962963,
                            0.06145833333333333,
                            0.12777777777777777
                        ]
                    ],
                    "labels": 
                    [
                        "dislike"
                    ]
    },
    "dislike_03":{
        "bboxes": 
                    [
                        [
                            0.4979166666666667,
                            0.4666666666666667,
                            0.06979166666666667,
                            0.1259259259259259
                        ]
                    ],
                    "labels": 
                    [
                        "dislike"
                    ]
    },
    "stop_01":{
        "bboxes": 
                    [
                        [
                            0.5666666666666667,
                            0.4074074074074074,
                            0.08541666666666667,
                            0.10925925925925926
                        ]
                    ],
                    "labels": 
                    [
                        "stop"
                    ]
    },
    "stop_02":{
        "bboxes": 
                    [
                        [
                            0.4979166666666667,
                            0.3907407407407407,
                            0.07916666666666666,
                            0.11296296296296296
                        ]
                    ],
                    "labels": 
                    [
                        "stop"
                    ]
    },
    "stop_03":{
        "bboxes": 
                    [
                        [
                            0.684375,
                            0.39444444444444443,
                            0.090625,
                            0.14814814814814814
                        ]
                    ],
                    "labels": 
                    [
                        "stop"
                    ]
    },
    "rock_01":{
        "bboxes": 
                    [
                        [
                            0.42604166666666665,
                            0.45925925925925926,
                            0.06770833333333333,
                            0.12407407407407407
                        ]
                    ],
                    "labels": 
                    [
                        "rock"
                    ]
    },
    "rock_03":{
        "bboxes": 
                    [
                        [
                            0.7072916666666667,
                            0.3962962962962963,
                            0.075,
                            0.1037037037037037
                        ]
                    ],
                    "labels": 
                    [
                        "rock"
                    ]
    },
    "rock_02":{
        "bboxes": 
                    [
                        [
                            0.5708333333333333,
                            0.46296296296296297,
                            0.07916666666666666,
                            0.10925925925925926
                        ]
                    ],
                    "labels": 
                    [
                        "rock"
                    ]
    },

    "peace_01":{
        "bboxes": 
            [
                [
                    0.5697916666666667,
                    0.44814814814814813,
                    0.059375,
                    0.12962962962962962
                ]
            ],
            "labels": 
            [
                "peace"
            ]
    },
    "peace_02":{
        "bboxes": 
                    [
                        [
                            0.6770833333333334,
                            0.4222222222222222,
                            0.0625,
                            0.12407407407407407
                        ]
                    ],
                    "labels": 
                    [
                        "peace"
                    ]
    },
    "peace_03":{
        "bboxes": 
                    [
                        [
                            0.440625,
                            0.362962962962963,
                            0.08958333333333333,
                            0.15185185185185185
                        ]
                    ],
                    "labels": 
                    [
                        "peace"
                    ]
    }
}



